<?xml version="1.0" encoding="UTF-8"?>
<!DOCTYPE mapper PUBLIC "-//mybatis.org//DTD Mapper 3.0//EN" "http://mybatis.org/dtd/mybatis-3-mapper.dtd">

<mapper namespace="com.atguigu.gulimall.product.dao.SkuSaleAttrValueDao">

	<!-- 可根据自己的需求，是否要使用 -->
    <resultMap type="com.atguigu.gulimall.product.entity.SkuSaleAttrValueEntity" id="skuSaleAttrValueMap">
        <result property="id" column="id"/>
        <result property="skuId" column="sku_id"/>
        <result property="attrId" column="attr_id"/>
        <result property="attrName" column="attr_name"/>
        <result property="attrValue" column="attr_value"/>
        <result property="attrSort" column="attr_sort"/>
    </resultMap>
    <resultMap id="SkuItemSaleAttrVo" type="com.atguigu.gulimall.product.vo.SkuItemSaleAttrVo">
        <result property="attrId" column="attr_id"/>
        <result property="attrName" column="attr_name"/>
        <collection property="attrValues" ofType="com.atguigu.gulimall.product.vo.AttrValueWithSkuIdVo">
            <result property="attrValue" column="attr_value"/>
            <result property="skuIds" column="sku_ids"/>
        </collection>
    </resultMap>
    <select id="getSaleAttrsBySpuId" resultMap="SkuItemSaleAttrVo">
        SELECT
            ssav.`attr_id` attr_id,
            ssav.`attr_name` attr_name,
            ssav.`attr_value`,
            GROUP_CONCAT(DISTINCT info.`sku_id`) sku_ids
        FROM `pms_sku_info` info
        LEFT JOIN `pms_sku_sale_attr_value` ssav ON ssav.`sku_id` = info.`sku_id`
        WHERE info.`spu_id` = #{spuId}
        GROUP BY ssav.`attr_id`,ssav.`attr_name`,ssav.`attr_value`
    </select>
    <select id="getSkuSaleAttrValuesAsStringList" resultType="java.lang.String">
        SELECT CONCAT(attr_name,"：",attr_value)
        FROM `pms_sku_sale_attr_value`
        WHERE sku_id = #{skuId}
    </select>


</mapper>